uestio;Quel âge avez-vous ?;Dans quelle ville habitez-vous ?;Pensez-vous que boire de l’alcool pendant la grossesse peut nuire au bébé ?;Est-ce que l’alcool bu par la mère arrive jusqu’au bébé ?;Quelles peuvent être les conséquences de l’alcool sur le bébé à naître ?;Le syndrome d’alcoolisation fœtale (SAF) est la conséquence la plus grave de l’alcool pendant la grossesse. Que provoque-t-il ?;À quel âge peut-on détecter les troubles liés à l’alcool pendant la grossesse ?;Quelle quantité d’alcool est risquée pendant la grossesse ?;Lequel de ces verres contient le plus d’alcool ?;Quelle peut être la place de l’homme dans la prévention des risques liés à l’alcool pendant la grossesse ?;Voici une plaquette d'information qui reprend les informations à savoir sur la consommation d'alcool pendant la grossesse. Bonne lecture !;Bravo ! Vous avez obtenu la note de :
janv. 12, 2026;Entre 18 et 24 ans;Saint Denis;OUI;OUI;"Un arrêt précoce de grossesse
Une malformation du cœur
Des troubles psychiatriques
Une mort subite du nourrisson
De l’épilepsie
Des retards de développement neurologique";"Un retard mental
Un retard de croissance (petit poids et petite taille)
Une déficience visuelle
Des troubles du comportement
Des malformations du visage";"Dans le ventre de la mère
Dès 6 ans
À l'adolescence
À l’âge adulte
Tout au long de la vie";Dès le premier verre;Tous contiennent la même quantité d’alcool;Lui aussi pourrait causer des troubles à l’enfant s’il consomme de l’alcool;;19
janv. 9, 2026;Entre 18 et 24 ans;La saline les bains;OUI;OUI;"Un arrêt précoce de grossesse
Une malformation du cœur
Des troubles psychiatriques
Une mort subite du nourrisson
De l’épilepsie
Des retards de développement neurologique";"Un retard mental
Un retard de croissance (petit poids et petite taille)
Une déficience visuelle
Des troubles du comportement
Des malformations du visage";"Dans le ventre de la mère
Dès 6 ans
À l'adolescence
À l’âge adulte
Tout au long de la vie";Dès le premier verre;Tous contiennent la même quantité d’alcool;"Lui aussi pourrait causer des troubles à l’enfant s’il consomme de l’alcool
Il devrait arrêter l’alcool
Il devrait être plus présent pour sa femme";;20
janv. 7, 2026;Entre 35 et 39 ans;Saint Paul;OUI;OUI;"Un arrêt précoce de grossesse
Une malformation du cœur
Des troubles psychiatriques
Une mort subite du nourrisson
De l’épilepsie
Des retards de développement neurologique";"Un retard mental
Un retard de croissance (petit poids et petite taille)
Une déficience visuelle
Des troubles du comportement
Des malformations du visage";Tout au long de la vie;Dès le premier verre;Tous contiennent la même quantité d’alcool;"Lui aussi pourrait causer des troubles à l’enfant s’il consomme de l’alcool
Il devrait arrêter l’alcool";;17,50
janv. 6, 2026;Entre 35 et 39 ans;Saint Paul;OUI;OUI;"Un arrêt précoce de grossesse
Une malformation du cœur
Des troubles psychiatriques
De l’épilepsie
Des retards de développement neurologique";"Un retard mental
Un retard de croissance (petit poids et petite taille)
Une déficience visuelle
Des troubles du comportement
Des malformations du visage";"Dans le ventre de la mère
Dès 6 ans
À l'adolescence
À l’âge adulte";Dès le premier verre;Tous contiennent la même quantité d’alcool;"Lui aussi pourrait causer des troubles à l’enfant s’il consomme de l’alcool
Il devrait être plus présent pour sa femme";;18,50
janv. 6, 2026;Entre 25 et 29 ans;Saint paul;OUI;OUI;"Une malformation du cœur
Des troubles psychiatriques
De l’épilepsie
Des retards de développement neurologique";"Un retard mental
Un retard de croissance (petit poids et petite taille)
Une déficience visuelle
Des troubles du comportement
Des malformations du visage";"Dans le ventre de la mère
Dès 6 ans
À l'adolescence
À l’âge adulte
Tout au long de la vie";Dès le premier verre;Tous contiennent la même quantité d’alcool;"Lui aussi pourrait causer des troubles à l’enfant s’il consomme de l’alcool
Il devrait arrêter l’alcool";;18,50
janv. 6, 2026;Entre 45 et 49 ans;L’éperon;OUI;OUI;"Un arrêt précoce de grossesse
Une malformation du cœur
Des troubles psychiatriques
Une mort subite du nourrisson
De l’épilepsie
Des retards de développement neurologique";"Un retard mental
Un retard de croissance (petit poids et petite taille)
Une déficience visuelle
Des troubles du comportement
Des malformations du visage";"Dans le ventre de la mère
Dès 6 ans
À l'adolescence
À l’âge adulte
Tout au long de la vie";Dès le premier verre;Tous contiennent la même quantité d’alcool;"Lui aussi pourrait causer des troubles à l’enfant s’il consomme de l’alcool
Il devrait arrêter l’alcool";;19,50
janv. 6, 2026;Entre 18 et 24 ans;Saint Gilles;OUI;OUI;"Des troubles psychiatriques
Une mort subite du nourrisson
De l’épilepsie
Des retards de développement neurologique";"Un retard mental
Un retard de croissance (petit poids et petite taille)
Des malformations du visage";"Dans le ventre de la mère
Dès 6 ans
À l'adolescence
À l’âge adulte
Tout au long de la vie";Dès le premier verre;Tous contiennent la même quantité d’alcool;"Lui aussi pourrait causer des troubles à l’enfant s’il consomme de l’alcool
Il devrait arrêter l’alcool
Il devrait être plus présent pour sa femme";;18
janv. 6, 2026;Entre 45 et 49 ans;Saint Pierre;OUI;OUI;Une malformation du cœur;Un retard mental;"Dans le ventre de la mère
Dès 6 ans
À l'adolescence
À l’âge adulte
Tout au long de la vie";Dès le premier verre;Tous contiennent la même quantité d’alcool;"Lui aussi pourrait causer des troubles à l’enfant s’il consomme de l’alcool
Il devrait arrêter l’alcool
Il devrait être plus présent pour sa femme";;15,50
janv. 6, 2026;Entre 25 et 29 ans;Saint leu;OUI;OUI;"Un arrêt précoce de grossesse
Une malformation du cœur
Des troubles psychiatriques
Une mort subite du nourrisson
De l’épilepsie
Des retards de développement neurologique";"Un retard mental
Un retard de croissance (petit poids et petite taille)
Des troubles du comportement
Des malformations du visage";"Dans le ventre de la mère
Dès 6 ans
À l'adolescence
À l’âge adulte
Tout au long de la vie";Dès le premier verre;Tous contiennent la même quantité d’alcool;"Lui aussi pourrait causer des troubles à l’enfant s’il consomme de l’alcool
Il devrait arrêter l’alcool";;19
janv. 6, 2026;Entre 30 et 34 ans;Saint Pierre;OUI;OUI;"Un arrêt précoce de grossesse
Des troubles psychiatriques
Une mort subite du nourrisson
De l’épilepsie
Des retards de développement neurologique";"Un retard mental
Un retard de croissance (petit poids et petite taille)
Des troubles du comportement
Des malformations du visage";"Dans le ventre de la mère
Dès 6 ans
À l'adolescence
À l’âge adulte
Tout au long de la vie";Dès le premier verre;Tous contiennent la même quantité d’alcool;Lui aussi pourrait causer des troubles à l’enfant s’il consomme de l’alcool;;18
janv. 6, 2026;Entre 25 et 29 ans;Saint Pierre;OUI;OUI;"Une malformation du cœur
De l’épilepsie";"Un retard mental
Des troubles du comportement";"Dans le ventre de la mère
Dès 6 ans
À l'adolescence
À l’âge adulte
Tout au long de la vie";Dès le premier verre;Tous contiennent la même quantité d’alcool;"Lui aussi pourrait causer des troubles à l’enfant s’il consomme de l’alcool
Il devrait arrêter l’alcool
Il devrait être plus présent pour sa femme";;16,50
janv. 6, 2026;Entre 18 et 24 ans;La saline;OUI;OUI;"Un arrêt précoce de grossesse
Une malformation du cœur
Des troubles psychiatriques
De l’épilepsie
Des retards de développement neurologique";"Un retard mental
Un retard de croissance (petit poids et petite taille)
Des malformations du visage";"Dans le ventre de la mère
Dès 6 ans
À l'adolescence
À l’âge adulte
Tout au long de la vie";Dès le premier verre;Tous contiennent la même quantité d’alcool;"Lui aussi pourrait causer des troubles à l’enfant s’il consomme de l’alcool
Il devrait arrêter l’alcool
Il devrait être plus présent pour sa femme";;18,50
janv. 6, 2026;Entre 30 et 34 ans;La saline;OUI;OUI;"Un arrêt précoce de grossesse
Une malformation du cœur
Des troubles psychiatriques
Une mort subite du nourrisson
De l’épilepsie
Des retards de développement neurologique";"Un retard mental
Un retard de croissance (petit poids et petite taille)
Une déficience visuelle
Des troubles du comportement
Des malformations du visage";"Dans le ventre de la mère
Dès 6 ans
À l'adolescence
À l’âge adulte
Tout au long de la vie";Dès le premier verre;Tous contiennent la même quantité d’alcool;"Lui aussi pourrait causer des troubles à l’enfant s’il consomme de l’alcool
Il devrait arrêter l’alcool
Il devrait être plus présent pour sa femme";;20
janv. 6, 2026;Entre 18 et 24 ans;Saint Gilles;OUI;OUI;"Un arrêt précoce de grossesse
Des troubles psychiatriques
Une mort subite du nourrisson
De l’épilepsie
Des retards de développement neurologique";"Un retard mental
Un retard de croissance (petit poids et petite taille)
Des troubles du comportement
Des malformations du visage";"Dans le ventre de la mère
Dès 6 ans
À l'adolescence
À l’âge adulte
Tout au long de la vie";Dès le premier verre;Verre de rhum arrangé;"Lui aussi pourrait causer des troubles à l’enfant s’il consomme de l’alcool
Il devrait arrêter l’alcool
Il devrait être plus présent pour sa femme";;16,50
janv. 6, 2026;Entre 25 et 29 ans;Saint Louis;OUI;OUI;"Un arrêt précoce de grossesse
Des troubles psychiatriques
Une mort subite du nourrisson
Des retards de développement neurologique";"Un retard mental
Un retard de croissance (petit poids et petite taille)
Des malformations du visage";"Dans le ventre de la mère
Dès 6 ans
À l'adolescence";Dès le premier verre;Tous contiennent la même quantité d’alcool;"Lui aussi pourrait causer des troubles à l’enfant s’il consomme de l’alcool
Il devrait arrêter l’alcool
Il devrait être plus présent pour sa femme";;17
janv. 6, 2026;Entre 45 et 49 ans;Les avirons;OUI;OUI;"Un arrêt précoce de grossesse
Une malformation du cœur
Des troubles psychiatriques
Une mort subite du nourrisson
De l’épilepsie
Des retards de développement neurologique";"Un retard mental
Un retard de croissance (petit poids et petite taille)
Une déficience visuelle
Des troubles du comportement
Des malformations du visage";"Dans le ventre de la mère
Dès 6 ans
À l'adolescence
À l’âge adulte
Tout au long de la vie";Dès le premier verre;Tous contiennent la même quantité d’alcool;"Lui aussi pourrait causer des troubles à l’enfant s’il consomme de l’alcool
Il devrait arrêter l’alcool";;19,50
janv. 6, 2026;Entre 25 et 29 ans;Petite île;OUI;OUI;"Un arrêt précoce de grossesse
Une malformation du cœur
Des troubles psychiatriques
Une mort subite du nourrisson
De l’épilepsie
Des retards de développement neurologique";"Un retard mental
Un retard de croissance (petit poids et petite taille)
Une déficience visuelle
Des troubles du comportement
Des malformations du visage";"Dans le ventre de la mère
Tout au long de la vie";Dès le premier verre;Verre de whisky;"Lui aussi pourrait causer des troubles à l’enfant s’il consomme de l’alcool
Il devrait arrêter l’alcool
Il devrait être plus présent pour sa femme";;16
janv. 6, 2026;Entre 35 et 39 ans;Saint Denis;OUI;OUI;"Un arrêt précoce de grossesse
Une malformation du cœur
Des troubles psychiatriques
Une mort subite du nourrisson
Des retards de développement neurologique";"Un retard mental
Un retard de croissance (petit poids et petite taille)
Des troubles du comportement
Des malformations du visage";"Dans le ventre de la mère
Dès 6 ans
À l'adolescence
À l’âge adulte
Tout au long de la vie";Dès le premier verre;Tous contiennent la même quantité d’alcool;"Lui aussi pourrait causer des troubles à l’enfant s’il consomme de l’alcool
Il devrait arrêter l’alcool";;18,50
janv. 6, 2026;Entre 25 et 29 ans;Saint Denis p;OUI;OUI;Des retards de développement neurologique;Un retard mental;"Dans le ventre de la mère
Dès 6 ans
Tout au long de la vie";Dès le premier verre;Tous contiennent la même quantité d’alcool;"Lui aussi pourrait causer des troubles à l’enfant s’il consomme de l’alcool
Il devrait arrêter l’alcool
Il devrait être plus présent pour sa femme";;14,50
janv. 6, 2026;Entre 25 et 29 ans;Saint Denis;OUI;OUI;"Un arrêt précoce de grossesse
Une malformation du cœur
Des troubles psychiatriques
Une mort subite du nourrisson
De l’épilepsie
Des retards de développement neurologique";"Un retard mental
Un retard de croissance (petit poids et petite taille)
Une déficience visuelle
Des troubles du comportement
Des malformations du visage";"Dans le ventre de la mère
Dès 6 ans
À l'adolescence
À l’âge adulte
Tout au long de la vie";Dès le premier verre;Tous contiennent la même quantité d’alcool;"Lui aussi pourrait causer des troubles à l’enfant s’il consomme de l’alcool
Il devrait arrêter l’alcool
Il devrait être plus présent pour sa femme";;20
janv. 6, 2026;Entre 35 et 39 ans;Saint leu;OUI;OUI;"Des troubles psychiatriques
Des retards de développement neurologique";"Un retard mental
Un retard de croissance (petit poids et petite taille)
Des troubles du comportement
Des malformations du visage";"Dans le ventre de la mère
Dès 6 ans
À l'adolescence
À l’âge adulte
Tout au long de la vie";Dès le premier verre;Tous contiennent la même quantité d’alcool;"Lui aussi pourrait causer des troubles à l’enfant s’il consomme de l’alcool
Il devrait arrêter l’alcool
Il devrait être plus présent pour sa femme";;17,50
janv. 6, 2026;50 ans et plus;Saint Gilles;OUI;OUI;"Un arrêt précoce de grossesse
Une malformation du cœur
Des troubles psychiatriques
Une mort subite du nourrisson
De l’épilepsie
Des retards de développement neurologique";"Un retard mental
Un retard de croissance (petit poids et petite taille)
Une déficience visuelle
Des troubles du comportement
Des malformations du visage";"Dans le ventre de la mère
Dès 6 ans
À l'adolescence
À l’âge adulte
Tout au long de la vie";Dès le premier verre;Tous contiennent la même quantité d’alcool;Lui aussi pourrait causer des troubles à l’enfant s’il consomme de l’alcool;;19
janv. 6, 2026;Entre 30 et 34 ans;Saint Joseph;OUI;OUI;"Un arrêt précoce de grossesse
Une mort subite du nourrisson
De l’épilepsie";"Un retard mental
Un retard de croissance (petit poids et petite taille)
Une déficience visuelle
Des troubles du comportement
Des malformations du visage";Dans le ventre de la mère;Dès le premier verre;Tous contiennent la même quantité d’alcool;Il devrait être plus présent pour sa femme;;15
janv. 6, 2026;Entre 25 et 29 ans;Petite île;OUI;OUI;"Un arrêt précoce de grossesse
Une malformation du cœur
Des troubles psychiatriques
Une mort subite du nourrisson
De l’épilepsie
Des retards de développement neurologique";"Un retard mental
Un retard de croissance (petit poids et petite taille)
Des troubles du comportement
Des malformations du visage";"Dans le ventre de la mère
Dès 6 ans
À l'adolescence
À l’âge adulte
Tout au long de la vie";Dès le premier verre;Tous contiennent la même quantité d’alcool;"Lui aussi pourrait causer des troubles à l’enfant s’il consomme de l’alcool
Il devrait arrêter l’alcool
Il devrait être plus présent pour sa femme";;19,50
janv. 6, 2026;Entre 30 et 34 ans;Tampon;OUI;OUI;"Des troubles psychiatriques
Des retards de développement neurologique";"Un retard mental
Un retard de croissance (petit poids et petite taille)
Une déficience visuelle
Des troubles du comportement
Des malformations du visage";"Dans le ventre de la mère
Dès 6 ans
À l'adolescence
À l’âge adulte
Tout au long de la vie";À partir de 5 verres;Tous contiennent la même quantité d’alcool;"Lui aussi pourrait causer des troubles à l’enfant s’il consomme de l’alcool
Il devrait arrêter l’alcool
Il devrait être plus présent pour sa femme";;15,50
janv. 6, 2026;Entre 18 et 24 ans;Saint leu;OUI;OUI;"Un arrêt précoce de grossesse
Des troubles psychiatriques
Une mort subite du nourrisson
De l’épilepsie
Des retards de développement neurologique";"Un retard mental
Un retard de croissance (petit poids et petite taille)
Des troubles du comportement
Des malformations du visage";"Dans le ventre de la mère
Tout au long de la vie";Dès le premier verre;Tous contiennent la même quantité d’alcool;"Lui aussi pourrait causer des troubles à l’enfant s’il consomme de l’alcool
Il devrait arrêter l’alcool
Il devrait être plus présent pour sa femme";;17,50
janv. 6, 2026;Entre 35 et 39 ans;La montagne;OUI;OUI;"Un arrêt précoce de grossesse
Une malformation du cœur
Des troubles psychiatriques
Une mort subite du nourrisson
De l’épilepsie
Des retards de développement neurologique";"Un retard mental
Un retard de croissance (petit poids et petite taille)
Une déficience visuelle
Des troubles du comportement
Des malformations du visage";"Dans le ventre de la mère
Dès 6 ans
À l'adolescence
À l’âge adulte
Tout au long de la vie";Dès le premier verre;Tous contiennent la même quantité d’alcool;"Lui aussi pourrait causer des troubles à l’enfant s’il consomme de l’alcool
Il devrait arrêter l’alcool
Il devrait être plus présent pour sa femme";;20
janv. 6, 2026;Entre 25 et 29 ans;Les avirons;OUI;OUI;"Un arrêt précoce de grossesse
Une mort subite du nourrisson
Des retards de développement neurologique";"Un retard mental
Un retard de croissance (petit poids et petite taille)
Des troubles du comportement
Des malformations du visage";"Dans le ventre de la mère
Dès 6 ans
À l'adolescence
À l’âge adulte
Tout au long de la vie";Dès le premier verre;Tous contiennent la même quantité d’alcool;"Lui aussi pourrait causer des troubles à l’enfant s’il consomme de l’alcool
Il devrait arrêter l’alcool
Il devrait être plus présent pour sa femme";;18
janv. 6, 2026;Entre 18 et 24 ans;Saint Gilles;OUI;OUI;"Des troubles psychiatriques
De l’épilepsie
Des retards de développement neurologique";"Un retard mental
Un retard de croissance (petit poids et petite taille)
Une déficience visuelle
Des troubles du comportement
Des malformations du visage";"Dans le ventre de la mère
Dès 6 ans
À l'adolescence
Tout au long de la vie";Dès le premier verre;Tous contiennent la même quantité d’alcool;"Lui aussi pourrait causer des troubles à l’enfant s’il consomme de l’alcool
Il devrait arrêter l’alcool";;17,50
janv. 6, 2026;50 ans et plus;Saint Denis;OUI;OUI;"Des troubles psychiatriques
Une mort subite du nourrisson
De l’épilepsie
Des retards de développement neurologique";"Un retard mental
Des troubles du comportement";Tout au long de la vie;Dès le premier verre;Tous contiennent la même quantité d’alcool;"Lui aussi pourrait causer des troubles à l’enfant s’il consomme de l’alcool
Il devrait arrêter l’alcool
Il devrait être plus présent pour sa femme";;15,50
janv. 6, 2026;Entre 25 et 29 ans;Saint leu;OUI;OUI;"Un arrêt précoce de grossesse
Une malformation du cœur
Des troubles psychiatriques
Une mort subite du nourrisson
De l’épilepsie
Des retards de développement neurologique";"Un retard mental
Un retard de croissance (petit poids et petite taille)
Une déficience visuelle
Des troubles du comportement
Des malformations du visage";"Dans le ventre de la mère
Dès 6 ans
À l'adolescence
À l’âge adulte
Tout au long de la vie";Dès le premier verre;Tous contiennent la même quantité d’alcool;"Lui aussi pourrait causer des troubles à l’enfant s’il consomme de l’alcool
Il devrait arrêter l’alcool
Il devrait être plus présent pour sa femme";;20
janv. 6, 2026;Moins de 18 ans;Saint pierre;OUI;OUI;"Une malformation du cœur
Des troubles psychiatriques
De l’épilepsie
Des retards de développement neurologique";"Un retard mental
Un retard de croissance (petit poids et petite taille)
Des troubles du comportement
Des malformations du visage";"Dans le ventre de la mère
Dès 6 ans
À l'adolescence
À l’âge adulte
Tout au long de la vie";Dès le premier verre;Tous contiennent la même quantité d’alcool;"Lui aussi pourrait causer des troubles à l’enfant s’il consomme de l’alcool
Il devrait arrêter l’alcool
Il devrait être plus présent pour sa femme";;18,50
janv. 6, 2026;50 ans et plus;Saint Louis;OUI;OUI;"Un arrêt précoce de grossesse
Une malformation du cœur
Des troubles psychiatriques
Une mort subite du nourrisson
De l’épilepsie
Des retards de développement neurologique";"Un retard mental
Un retard de croissance (petit poids et petite taille)
Une déficience visuelle
Des troubles du comportement
Des malformations du visage";"Dans le ventre de la mère
Dès 6 ans
À l'adolescence
À l’âge adulte
Tout au long de la vie";Dès le premier verre;Tous contiennent la même quantité d’alcool;Lui aussi pourrait causer des troubles à l’enfant s’il consomme de l’alcool;;19
déc. 28, 2025;Entre 25 et 29 ans;Saint André;OUI;OUI;"Un arrêt précoce de grossesse
Une malformation du cœur
Des troubles psychiatriques
De l’épilepsie
Des retards de développement neurologique";"Un retard mental
Un retard de croissance (petit poids et petite taille)
Une déficience visuelle
Des troubles du comportement
Des malformations du visage";"Dans le ventre de la mère
Dès 6 ans
À l'adolescence
À l’âge adulte
Tout au long de la vie";Dès le premier verre;Tous contiennent la même quantité d’alcool;"Lui aussi pourrait causer des troubles à l’enfant s’il consomme de l’alcool
Il devrait arrêter l’alcool";;19
déc. 28, 2025;Entre 25 et 29 ans;Saint Denis;OUI;OUI;"Des troubles psychiatriques
De l’épilepsie
Des retards de développement neurologique";"Un retard mental
Un retard de croissance (petit poids et petite taille)
Une déficience visuelle
Des troubles du comportement
Des malformations du visage";"Dans le ventre de la mère
Dès 6 ans
À l'adolescence
Tout au long de la vie";Dès le premier verre;Tous contiennent la même quantité d’alcool;"Lui aussi pourrait causer des troubles à l’enfant s’il consomme de l’alcool
Il devrait arrêter l’alcool
Il devrait être plus présent pour sa femme";;18
déc. 28, 2025;Entre 30 et 34 ans;Saint Gilles;OUI;OUI;"Un arrêt précoce de grossesse
Des troubles psychiatriques
Une mort subite du nourrisson
De l’épilepsie
Des retards de développement neurologique";"Un retard mental
Un retard de croissance (petit poids et petite taille)
Des troubles du comportement
Des malformations du visage";"Dans le ventre de la mère
Dès 6 ans
À l'adolescence
À l’âge adulte
Tout au long de la vie";Dès le premier verre;Tous contiennent la même quantité d’alcool;"Lui aussi pourrait causer des troubles à l’enfant s’il consomme de l’alcool
Il devrait arrêter l’alcool
Il devrait être plus présent pour sa femme";;19
déc. 28, 2025;Entre 18 et 24 ans;St Louis;OUI;OUI;"Un arrêt précoce de grossesse
Une malformation du cœur
Des troubles psychiatriques
Une mort subite du nourrisson
De l’épilepsie
Des retards de développement neurologique";"Un retard mental
Un retard de croissance (petit poids et petite taille)
Une déficience visuelle
Des troubles du comportement
Des malformations du visage";"Dans le ventre de la mère
Dès 6 ans
À l'adolescence
Tout au long de la vie";Dès le premier verre;Tous contiennent la même quantité d’alcool;"Lui aussi pourrait causer des troubles à l’enfant s’il consomme de l’alcool
Il devrait arrêter l’alcool";;19
déc. 28, 2025;Entre 18 et 24 ans;Tampon;OUI;OUI;"Des troubles psychiatriques
De l’épilepsie
Des retards de développement neurologique";"Un retard mental
Un retard de croissance (petit poids et petite taille)
Une déficience visuelle
Des troubles du comportement
Des malformations du visage";"Dans le ventre de la mère
Dès 6 ans
À l'adolescence
À l’âge adulte";Dès le premier verre;Tous contiennent la même quantité d’alcool;Il devrait être plus présent pour sa femme;;16,50
déc. 28, 2025;Entre 30 et 34 ans;Saint Denis;OUI;OUI;"Un arrêt précoce de grossesse
Une malformation du cœur
Des troubles psychiatriques
Une mort subite du nourrisson
De l’épilepsie
Des retards de développement neurologique";"Un retard mental
Un retard de croissance (petit poids et petite taille)
Une déficience visuelle
Des troubles du comportement
Des malformations du visage";"Dans le ventre de la mère
Dès 6 ans
À l'adolescence";Dès le premier verre;Tous contiennent la même quantité d’alcool;"Lui aussi pourrait causer des troubles à l’enfant s’il consomme de l’alcool
Il devrait arrêter l’alcool";;18,50
déc. 28, 2025;Entre 25 et 29 ans;Saint leu;OUI;OUI;"Un arrêt précoce de grossesse
Une malformation du cœur
Des troubles psychiatriques
Une mort subite du nourrisson
Des retards de développement neurologique";"Un retard mental
Des troubles du comportement
Des malformations du visage";Tout au long de la vie;Dès le premier verre;Tous contiennent la même quantité d’alcool;"Lui aussi pourrait causer des troubles à l’enfant s’il consomme de l’alcool
Il devrait arrêter l’alcool";;16
déc. 28, 2025;Entre 30 et 34 ans;Sainte Anne;OUI;OUI;"Un arrêt précoce de grossesse
Une malformation du cœur
Des troubles psychiatriques
Une mort subite du nourrisson
De l’épilepsie
Des retards de développement neurologique";"Un retard mental
Un retard de croissance (petit poids et petite taille)
Une déficience visuelle
Des troubles du comportement
Des malformations du visage";Dans le ventre de la mère;Dès le premier verre;Tous contiennent la même quantité d’alcool;"Lui aussi pourrait causer des troubles à l’enfant s’il consomme de l’alcool
Il devrait arrêter l’alcool
Il devrait être plus présent pour sa femme";;18
déc. 28, 2025;Entre 35 et 39 ans;La montagne;OUI;OUI;"Une malformation du cœur
Des troubles psychiatriques
De l’épilepsie
Des retards de développement neurologique";"Un retard mental
Un retard de croissance (petit poids et petite taille)
Une déficience visuelle
Des troubles du comportement
Des malformations du visage";"Dans le ventre de la mère
Dès 6 ans
À l'adolescence
À l’âge adulte
Tout au long de la vie";Dès le premier verre;Tous contiennent la même quantité d’alcool;"Lui aussi pourrait causer des troubles à l’enfant s’il consomme de l’alcool
Il devrait arrêter l’alcool
Il devrait être plus présent pour sa femme";;19
déc. 28, 2025;Entre 30 et 34 ans;Saint Pierre;OUI;OUI;"Un arrêt précoce de grossesse
Une malformation du cœur
Des troubles psychiatriques
Une mort subite du nourrisson
De l’épilepsie
Des retards de développement neurologique";"Un retard mental
Un retard de croissance (petit poids et petite taille)
Une déficience visuelle
Des troubles du comportement
Des malformations du visage";Tout au long de la vie;Dès le premier verre;Tous contiennent la même quantité d’alcool;"Lui aussi pourrait causer des troubles à l’enfant s’il consomme de l’alcool
Il devrait arrêter l’alcool
Il devrait être plus présent pour sa femme";;18
déc. 28, 2025;Entre 30 et 34 ans;Saint pierre;OUI;OUI;"Un arrêt précoce de grossesse
Une malformation du cœur
Des troubles psychiatriques
Une mort subite du nourrisson
De l’épilepsie
Des retards de développement neurologique";"Un retard mental
Un retard de croissance (petit poids et petite taille)
Une déficience visuelle
Des troubles du comportement
Des malformations du visage";"Dans le ventre de la mère
Dès 6 ans
À l'adolescence
À l’âge adulte
Tout au long de la vie";Dès le premier verre;Tous contiennent la même quantité d’alcool;"Lui aussi pourrait causer des troubles à l’enfant s’il consomme de l’alcool
Il devrait arrêter l’alcool
Il devrait être plus présent pour sa femme";;20
déc. 28, 2025;Entre 25 et 29 ans;Saint pierre;OUI;OUI;"Un arrêt précoce de grossesse
Une malformation du cœur
Des troubles psychiatriques
Une mort subite du nourrisson
De l’épilepsie
Des retards de développement neurologique";"Un retard mental
Un retard de croissance (petit poids et petite taille)
Une déficience visuelle
Des troubles du comportement
Des malformations du visage";"Dans le ventre de la mère
Dès 6 ans
À l'adolescence
À l’âge adulte
Tout au long de la vie";Dès le premier verre;Tous contiennent la même quantité d’alcool;"Lui aussi pourrait causer des troubles à l’enfant s’il consomme de l’alcool
Il devrait arrêter l’alcool
Il devrait être plus présent pour sa femme";;20
déc. 28, 2025;Entre 18 et 24 ans;Saint Pierre;OUI;OUI;"Un arrêt précoce de grossesse
Une mort subite du nourrisson";"Un retard mental
Un retard de croissance (petit poids et petite taille)
Une déficience visuelle
Des troubles du comportement
Des malformations du visage";Dans le ventre de la mère;Dès le premier verre;Tous contiennent la même quantité d’alcool;"Lui aussi pourrait causer des troubles à l’enfant s’il consomme de l’alcool
Il devrait arrêter l’alcool
Il devrait être plus présent pour sa femme";;16
déc. 28, 2025;Entre 18 et 24 ans;Saint Pierre;OUI;OUI;"Un arrêt précoce de grossesse
Une malformation du cœur
Des troubles psychiatriques
Une mort subite du nourrisson
De l’épilepsie
Des retards de développement neurologique";"Un retard mental
Un retard de croissance (petit poids et petite taille)
Une déficience visuelle
Des troubles du comportement
Des malformations du visage";"Dans le ventre de la mère
Dès 6 ans
À l'adolescence
Tout au long de la vie";Dès le premier verre;Tous contiennent la même quantité d’alcool;"Lui aussi pourrait causer des troubles à l’enfant s’il consomme de l’alcool
Il devrait arrêter l’alcool
Il devrait être plus présent pour sa femme";;19,50
déc. 28, 2025;Entre 25 et 29 ans;Saint Pierre;OUI;OUI;"Un arrêt précoce de grossesse
Une malformation du cœur
Des troubles psychiatriques
Une mort subite du nourrisson
De l’épilepsie
Des retards de développement neurologique";"Un retard mental
Un retard de croissance (petit poids et petite taille)
Des troubles du comportement
Des malformations du visage";"Dans le ventre de la mère
Dès 6 ans
À l'adolescence
À l’âge adulte
Tout au long de la vie";Plus d’un verre par mois;Tous contiennent la même quantité d’alcool;"Lui aussi pourrait causer des troubles à l’enfant s’il consomme de l’alcool
Il devrait arrêter l’alcool
Il devrait être plus présent pour sa femme";;17
déc. 22, 2025;Entre 25 et 29 ans;Saint Pierre;OUI;OUI;"Un arrêt précoce de grossesse
Une malformation du cœur
Des troubles psychiatriques
Une mort subite du nourrisson
De l’épilepsie
Des retards de développement neurologique";"Un retard mental
Un retard de croissance (petit poids et petite taille)
Une déficience visuelle
Des troubles du comportement
Des malformations du visage";"Dans le ventre de la mère
Dès 6 ans
À l'adolescence
À l’âge adulte
Tout au long de la vie";Dès le premier verre;Tous contiennent la même quantité d’alcool;"Lui aussi pourrait causer des troubles à l’enfant s’il consomme de l’alcool
Il devrait arrêter l’alcool
Il devrait être plus présent pour sa femme";;20
déc. 22, 2025;Entre 45 et 49 ans;Saint Pierre;OUI;OUI;"Un arrêt précoce de grossesse
Une malformation du cœur
Des troubles psychiatriques
Une mort subite du nourrisson
De l’épilepsie
Des retards de développement neurologique";"Un retard mental
Un retard de croissance (petit poids et petite taille)
Une déficience visuelle
Des troubles du comportement
Des malformations du visage";Tout au long de la vie;Dès le premier verre;Tous contiennent la même quantité d’alcool;"Lui aussi pourrait causer des troubles à l’enfant s’il consomme de l’alcool
Il devrait arrêter l’alcool
Il devrait être plus présent pour sa femme";;18
déc. 22, 2025;Entre 18 et 24 ans;Saint rose;OUI;OUI;"Un arrêt précoce de grossesse
Une malformation du cœur
Des troubles psychiatriques
Une mort subite du nourrisson
De l’épilepsie
Des retards de développement neurologique";"Un retard mental
Un retard de croissance (petit poids et petite taille)
Une déficience visuelle
Des troubles du comportement
Des malformations du visage";"Dans le ventre de la mère
Dès 6 ans
À l'adolescence
À l’âge adulte
Tout au long de la vie";Dès le premier verre;Tous contiennent la même quantité d’alcool;"Lui aussi pourrait causer des troubles à l’enfant s’il consomme de l’alcool
Il devrait arrêter l’alcool
Il devrait être plus présent pour sa femme";;20
déc. 22, 2025;Entre 18 et 24 ans;Saint pierre;OUI;OUI;"Un arrêt précoce de grossesse
Une malformation du cœur
Des troubles psychiatriques
Une mort subite du nourrisson
Des retards de développement neurologique";"Un retard mental
Un retard de croissance (petit poids et petite taille)
Des troubles du comportement
Des malformations du visage";"Dans le ventre de la mère
Dès 6 ans
À l'adolescence
À l’âge adulte
Tout au long de la vie";Dès le premier verre;Tous contiennent la même quantité d’alcool;"Lui aussi pourrait causer des troubles à l’enfant s’il consomme de l’alcool
Il devrait arrêter l’alcool";;18,50
déc. 21, 2025;50 ans et plus;Hem;OUI;OUI;"Un arrêt précoce de grossesse
Une malformation du cœur
Des troubles psychiatriques
De l’épilepsie
Des retards de développement neurologique";"Un retard mental
Un retard de croissance (petit poids et petite taille)
Une déficience visuelle
Des troubles du comportement
Des malformations du visage";"Dans le ventre de la mère
Tout au long de la vie";Dès le premier verre;Tous contiennent la même quantité d’alcool;"Lui aussi pourrait causer des troubles à l’enfant s’il consomme de l’alcool
Il devrait arrêter l’alcool
Il devrait être plus présent pour sa femme";;18
déc. 19, 2025;Entre 18 et 24 ans;Saint Denis;OUI;OUI;"Un arrêt précoce de grossesse
Une malformation du cœur
Des troubles psychiatriques
Une mort subite du nourrisson
De l’épilepsie
Des retards de développement neurologique";"Un retard mental
Un retard de croissance (petit poids et petite taille)
Une déficience visuelle
Des troubles du comportement
Des malformations du visage";Tout au long de la vie;Dès le premier verre;Tous contiennent la même quantité d’alcool;"Lui aussi pourrait causer des troubles à l’enfant s’il consomme de l’alcool
Il devrait arrêter l’alcool
Il devrait être plus présent pour sa femme";;18
déc. 19, 2025;Entre 30 et 34 ans;Saint Gilles;OUI;OUI;"Un arrêt précoce de grossesse
Une mort subite du nourrisson";"Un retard mental
Un retard de croissance (petit poids et petite taille)
Des malformations du visage";Dans le ventre de la mère;Dès le premier verre;Tous contiennent la même quantité d’alcool;"Il devrait arrêter l’alcool
Il devrait être plus présent pour sa femme";;14
déc. 19, 2025;Entre 18 et 24 ans;Saint Pierre;OUI;OUI;"Un arrêt précoce de grossesse
Une malformation du cœur
Des troubles psychiatriques
Une mort subite du nourrisson
De l’épilepsie
Des retards de développement neurologique";"Un retard mental
Un retard de croissance (petit poids et petite taille)
Une déficience visuelle
Des troubles du comportement
Des malformations du visage";"Dans le ventre de la mère
Dès 6 ans
À l'adolescence
À l’âge adulte
Tout au long de la vie";Dès le premier verre;Tous contiennent la même quantité d’alcool;"Lui aussi pourrait causer des troubles à l’enfant s’il consomme de l’alcool
Il devrait arrêter l’alcool
Il devrait être plus présent pour sa femme";;20
déc. 17, 2025;Entre 35 et 39 ans;Éperon;OUI;OUI;"Un arrêt précoce de grossesse
Une malformation du cœur
Des troubles psychiatriques
Une mort subite du nourrisson
De l’épilepsie
Des retards de développement neurologique";"Un retard mental
Un retard de croissance (petit poids et petite taille)
Des troubles du comportement
Des malformations du visage";"Dans le ventre de la mère
Dès 6 ans
À l'adolescence
À l’âge adulte
Tout au long de la vie";Dès le premier verre;Tous contiennent la même quantité d’alcool;"Lui aussi pourrait causer des troubles à l’enfant s’il consomme de l’alcool
Il devrait arrêter l’alcool
Il devrait être plus présent pour sa femme";;19,50
déc. 16, 2025;Entre 25 et 29 ans;La Montagne;OUI;OUI;"Un arrêt précoce de grossesse
Une malformation du cœur
Des troubles psychiatriques
Une mort subite du nourrisson
De l’épilepsie
Des retards de développement neurologique";"Un retard mental
Un retard de croissance (petit poids et petite taille)
Une déficience visuelle
Des troubles du comportement
Des malformations du visage";"Dans le ventre de la mère
Tout au long de la vie";Dès le premier verre;Tous contiennent la même quantité d’alcool;"Lui aussi pourrait causer des troubles à l’enfant s’il consomme de l’alcool
Il devrait arrêter l’alcool
Il devrait être plus présent pour sa femme";;18,50
déc. 16, 2025;Entre 30 et 34 ans;Le Tampon;OUI;OUI;"Un arrêt précoce de grossesse
Une malformation du cœur
Des troubles psychiatriques
Une mort subite du nourrisson
De l’épilepsie
Des retards de développement neurologique";"Un retard mental
Un retard de croissance (petit poids et petite taille)
Une déficience visuelle
Des troubles du comportement
Des malformations du visage";Tout au long de la vie;Dès le premier verre;Verre de whisky;Lui aussi pourrait causer des troubles à l’enfant s’il consomme de l’alcool;;14,50
déc. 16, 2025;Entre 30 et 34 ans;Saint leu;OUI;OUI;"Un arrêt précoce de grossesse
Une malformation du cœur
Des troubles psychiatriques
Une mort subite du nourrisson
De l’épilepsie
Des retards de développement neurologique";"Un retard mental
Un retard de croissance (petit poids et petite taille)
Une déficience visuelle
Des troubles du comportement
Des malformations du visage";"Dans le ventre de la mère
Dès 6 ans
À l'adolescence
À l’âge adulte
Tout au long de la vie";Dès le premier verre;Tous contiennent la même quantité d’alcool;"Lui aussi pourrait causer des troubles à l’enfant s’il consomme de l’alcool
Il devrait arrêter l’alcool
Il devrait être plus présent pour sa femme";;20
déc. 16, 2025;Entre 35 et 39 ans;La Montagne;OUI;OUI;"Un arrêt précoce de grossesse
Une malformation du cœur
Des troubles psychiatriques
Une mort subite du nourrisson
De l’épilepsie
Des retards de développement neurologique";"Un retard mental
Un retard de croissance (petit poids et petite taille)
Une déficience visuelle
Des troubles du comportement
Des malformations du visage";"Dans le ventre de la mère
Tout au long de la vie";Dès le premier verre;Tous contiennent la même quantité d’alcool;"Lui aussi pourrait causer des troubles à l’enfant s’il consomme de l’alcool
Il devrait arrêter l’alcool";;18
déc. 16, 2025;Entre 30 et 34 ans;Saint Gilles;OUI;OUI;"Un arrêt précoce de grossesse
Une malformation du cœur
Des troubles psychiatriques
Une mort subite du nourrisson
De l’épilepsie
Des retards de développement neurologique";"Un retard mental
Un retard de croissance (petit poids et petite taille)
Une déficience visuelle
Des troubles du comportement
Des malformations du visage";Tout au long de la vie;Dès le premier verre;Tous contiennent la même quantité d’alcool;Il devrait être plus présent pour sa femme;;16,50
déc. 15, 2025;Entre 30 et 34 ans;Saint Denis;OUI;OUI;"Un arrêt précoce de grossesse
Une malformation du cœur
Des troubles psychiatriques
Une mort subite du nourrisson
De l’épilepsie
Des retards de développement neurologique";"Un retard mental
Un retard de croissance (petit poids et petite taille)
Une déficience visuelle
Des troubles du comportement
Des malformations du visage";Tout au long de la vie;Dès le premier verre;Tous contiennent la même quantité d’alcool;"Lui aussi pourrait causer des troubles à l’enfant s’il consomme de l’alcool
Il devrait arrêter l’alcool
Il devrait être plus présent pour sa femme";;18
déc. 12, 2025;Entre 30 et 34 ans;Saint joseph;OUI;OUI;"Un arrêt précoce de grossesse
Une malformation du cœur
Des troubles psychiatriques
Une mort subite du nourrisson
De l’épilepsie
Des retards de développement neurologique";"Un retard mental
Un retard de croissance (petit poids et petite taille)
Une déficience visuelle
Des troubles du comportement
Des malformations du visage";Tout au long de la vie;Dès le premier verre;Tous contiennent la même quantité d’alcool;"Lui aussi pourrait causer des troubles à l’enfant s’il consomme de l’alcool
Il devrait être plus présent pour sa femme";;17,50
déc. 3, 2025;Entre 30 et 34 ans;St Leu;OUI;OUI;"Un arrêt précoce de grossesse
Une malformation du cœur
Des troubles psychiatriques
Une mort subite du nourrisson
De l’épilepsie
Des retards de développement neurologique";"Un retard mental
Un retard de croissance (petit poids et petite taille)
Une déficience visuelle
Des troubles du comportement
Des malformations du visage";"Dans le ventre de la mère
Dès 6 ans
À l'adolescence
À l’âge adulte
Tout au long de la vie";Dès le premier verre;Tous contiennent la même quantité d’alcool;"Lui aussi pourrait causer des troubles à l’enfant s’il consomme de l’alcool
Il devrait arrêter l’alcool
Il devrait être plus présent pour sa femme";;20
nov. 4, 2025;Entre 25 et 29 ans;Petite-Île;OUI;OUI;"Un arrêt précoce de grossesse
Une malformation du cœur
Des troubles psychiatriques
Une mort subite du nourrisson
De l’épilepsie
Des retards de développement neurologique";"Un retard mental
Un retard de croissance (petit poids et petite taille)
Une déficience visuelle
Des troubles du comportement
Des malformations du visage";"Dans le ventre de la mère
Dès 6 ans
À l'adolescence
À l’âge adulte
Tout au long de la vie";Dès le premier verre;Tous contiennent la même quantité d’alcool;Lui aussi pourrait causer des troubles à l’enfant s’il consomme de l’alcool;;19
oct. 31, 2025;Entre 18 et 24 ans;St pierre;OUI;OUI;"Un arrêt précoce de grossesse
Une malformation du cœur
Des troubles psychiatriques
Une mort subite du nourrisson
De l’épilepsie
Des retards de développement neurologique";"Un retard mental
Un retard de croissance (petit poids et petite taille)
Une déficience visuelle
Des troubles du comportement
Des malformations du visage";Tout au long de la vie;Dès le premier verre;Tous contiennent la même quantité d’alcool;"Lui aussi pourrait causer des troubles à l’enfant s’il consomme de l’alcool
Il devrait arrêter l’alcool
Il devrait être plus présent pour sa femme";;18
oct. 30, 2025;50 ans et plus;Hem;OUI;OUI;"Un arrêt précoce de grossesse
Une malformation du cœur
Des troubles psychiatriques
Une mort subite du nourrisson
De l’épilepsie
Des retards de développement neurologique";"Un retard mental
Un retard de croissance (petit poids et petite taille)
Une déficience visuelle
Des troubles du comportement
Des malformations du visage";Tout au long de la vie;Dès le premier verre;Tous contiennent la même quantité d’alcool;"Lui aussi pourrait causer des troubles à l’enfant s’il consomme de l’alcool
Il devrait arrêter l’alcool
Il devrait être plus présent pour sa femme";;18
oct. 29, 2025;50 ans et plus;Saint Denis;OUI;OUI;"Un arrêt précoce de grossesse
Une malformation du cœur
Des troubles psychiatriques
Une mort subite du nourrisson
De l’épilepsie
Des retards de développement neurologique";"Un retard mental
Un retard de croissance (petit poids et petite taille)
Une déficience visuelle
Des troubles du comportement
Des malformations du visage";Dans le ventre de la mère;Dès le premier verre;Tous contiennent la même quantité d’alcool;"Lui aussi pourrait causer des troubles à l’enfant s’il consomme de l’alcool
Il devrait arrêter l’alcool
Il devrait être plus présent pour sa femme";;18
sept. 25, 2025;Entre 30 et 34 ans;Saint-Pierre;OUI;OUI;"Un arrêt précoce de grossesse
Une malformation du cœur
Des troubles psychiatriques
Une mort subite du nourrisson
De l’épilepsie
Des retards de développement neurologique";"Un retard mental
Un retard de croissance (petit poids et petite taille)
Une déficience visuelle
Des troubles du comportement
Des malformations du visage";Tout au long de la vie;Dès le premier verre;Tous contiennent la même quantité d’alcool;Il devrait arrêter l’alcool;;16,50
sept. 14, 2025;Entre 45 et 49 ans;Saint pierre;OUI;OUI;"Un arrêt précoce de grossesse
Une malformation du cœur
Des troubles psychiatriques
Une mort subite du nourrisson
De l’épilepsie
Des retards de développement neurologique";"Un retard mental
Un retard de croissance (petit poids et petite taille)
Une déficience visuelle
Des troubles du comportement
Des malformations du visage";"Dans le ventre de la mère
Tout au long de la vie";Dès le premier verre;Tous contiennent la même quantité d’alcool;Il devrait être plus présent pour sa femme;;17
sept. 13, 2025;Entre 30 et 34 ans;97410;OUI;OUI;"Un arrêt précoce de grossesse
Une malformation du cœur
Des troubles psychiatriques
Une mort subite du nourrisson
De l’épilepsie
Des retards de développement neurologique";"Un retard mental
Un retard de croissance (petit poids et petite taille)
Une déficience visuelle
Des troubles du comportement
Des malformations du visage";"Dans le ventre de la mère
Dès 6 ans
À l'adolescence
À l’âge adulte
Tout au long de la vie";Dès le premier verre;Tous contiennent la même quantité d’alcool;"Lui aussi pourrait causer des troubles à l’enfant s’il consomme de l’alcool
Il devrait arrêter l’alcool
Il devrait être plus présent pour sa femme";;20